{
"meta":{"test_sets":[],"test_metrics":[],"learn_metrics":[{"best_value":"Min","name":"MultiClass"}],"launch_mode":"Train","parameters":"","iteration_count":100,"learn_sets":["learn"],"name":"experiment"},
"iterations":[
{"learn":[1.219910641],"iteration":0,"passed_time":0.1804463563,"remaining_time":17.86418927},
{"learn":[0.7164076706],"iteration":1,"passed_time":0.2144940526,"remaining_time":10.51020858},
{"learn":[0.5131789914],"iteration":2,"passed_time":0.2477411117,"remaining_time":8.010295945},
{"learn":[0.3716891835],"iteration":3,"passed_time":0.2801537086,"remaining_time":6.723689006},
{"learn":[0.3045039972],"iteration":4,"passed_time":0.3117250338,"remaining_time":5.922775643},
{"learn":[0.2585886424],"iteration":5,"passed_time":0.3399194613,"remaining_time":5.325404893},
{"learn":[0.2260191846],"iteration":6,"passed_time":0.3670901342,"remaining_time":4.87705464},
{"learn":[0.1976361994],"iteration":7,"passed_time":0.3967070497,"remaining_time":4.562131071},
{"learn":[0.1717393758],"iteration":8,"passed_time":0.426379248,"remaining_time":4.311167952},
{"learn":[0.1497680103],"iteration":9,"passed_time":0.4554703637,"remaining_time":4.099233273},
{"learn":[0.1352152593],"iteration":10,"passed_time":0.4846768665,"remaining_time":3.921476465},
{"learn":[0.1209230411],"iteration":11,"passed_time":0.5120538399,"remaining_time":3.755061493},
{"learn":[0.1096420031],"iteration":12,"passed_time":0.5413358977,"remaining_time":3.622786393},
{"learn":[0.1040822054],"iteration":13,"passed_time":0.5707993848,"remaining_time":3.506339078},
{"learn":[0.1012530404],"iteration":14,"passed_time":0.5990195278,"remaining_time":3.394443991},
{"learn":[0.09080747499],"iteration":15,"passed_time":0.6284313154,"remaining_time":3.299264406},
{"learn":[0.08852877322],"iteration":16,"passed_time":0.6567616619,"remaining_time":3.206542232},
{"learn":[0.08347600095],"iteration":17,"passed_time":0.6860949872,"remaining_time":3.125543831},
{"learn":[0.07729294354],"iteration":18,"passed_time":0.7144078944,"remaining_time":3.045633655},
{"learn":[0.07395823418],"iteration":19,"passed_time":0.7435885315,"remaining_time":2.974354126},
{"learn":[0.07297240691],"iteration":20,"passed_time":0.7752252711,"remaining_time":2.916323639},
{"learn":[0.06985978681],"iteration":21,"passed_time":0.8047759259,"remaining_time":2.853296464},
{"learn":[0.06761776713],"iteration":22,"passed_time":0.8341779743,"remaining_time":2.792682784},
{"learn":[0.06568448351],"iteration":23,"passed_time":0.86588773,"remaining_time":2.741977812},
{"learn":[0.06291343981],"iteration":24,"passed_time":0.9011841693,"remaining_time":2.703552508},
{"learn":[0.05821797836],"iteration":25,"passed_time":0.9372823412,"remaining_time":2.66764974},
{"learn":[0.05526253471],"iteration":26,"passed_time":0.9666409873,"remaining_time":2.613510818},
{"learn":[0.0538690463],"iteration":27,"passed_time":0.9957698921,"remaining_time":2.560551151},
{"learn":[0.05148101718],"iteration":28,"passed_time":1.025531756,"remaining_time":2.510784645},
{"learn":[0.04887878639],"iteration":29,"passed_time":1.055506688,"remaining_time":2.46284894},
{"learn":[0.04613581146],"iteration":30,"passed_time":1.082904362,"remaining_time":2.410335515},
{"learn":[0.04253044901],"iteration":31,"passed_time":1.111255415,"remaining_time":2.361417758},
{"learn":[0.03982361603],"iteration":32,"passed_time":1.139459885,"remaining_time":2.313448858},
{"learn":[0.03882164047],"iteration":33,"passed_time":1.168105469,"remaining_time":2.267498852},
{"learn":[0.03807527221],"iteration":34,"passed_time":1.19861374,"remaining_time":2.225996946},
{"learn":[0.03741570089],"iteration":35,"passed_time":1.228156797,"remaining_time":2.183389861},
{"learn":[0.0371291641],"iteration":36,"passed_time":1.256069745,"remaining_time":2.13871335},
{"learn":[0.03610473786],"iteration":37,"passed_time":1.285480387,"remaining_time":2.097362736},
{"learn":[0.03503076494],"iteration":38,"passed_time":1.314663364,"remaining_time":2.056268339},
{"learn":[0.03453428378],"iteration":39,"passed_time":1.342913106,"remaining_time":2.014369659},
{"learn":[0.03340583576],"iteration":40,"passed_time":1.371470086,"remaining_time":1.973578905},
{"learn":[0.03234658917],"iteration":41,"passed_time":1.399327243,"remaining_time":1.932404288},
{"learn":[0.03134141199],"iteration":42,"passed_time":1.429661955,"remaining_time":1.895133289},
{"learn":[0.03072103994],"iteration":43,"passed_time":1.457771076,"remaining_time":1.855345005},
{"learn":[0.0299776444],"iteration":44,"passed_time":1.485902855,"remaining_time":1.816103489},
{"learn":[0.02924961441],"iteration":45,"passed_time":1.514647349,"remaining_time":1.778064279},
{"learn":[0.02860939087],"iteration":46,"passed_time":1.543634603,"remaining_time":1.740694339},
{"learn":[0.02788937365],"iteration":47,"passed_time":1.572406929,"remaining_time":1.70344084},
{"learn":[0.02717923278],"iteration":48,"passed_time":1.602370692,"remaining_time":1.667773577},
{"learn":[0.02651146927],"iteration":49,"passed_time":1.630070776,"remaining_time":1.630070776},
{"learn":[0.02585896116],"iteration":50,"passed_time":1.657302952,"remaining_time":1.592310679},
{"learn":[0.02524720676],"iteration":51,"passed_time":1.686647267,"remaining_time":1.55690517},
{"learn":[0.02483207233],"iteration":52,"passed_time":1.714848907,"remaining_time":1.520715068},
{"learn":[0.0244749491],"iteration":53,"passed_time":1.744226034,"remaining_time":1.485822177},
{"learn":[0.02437044713],"iteration":54,"passed_time":1.77306449,"remaining_time":1.450689128},
{"learn":[0.02403063361],"iteration":55,"passed_time":1.800804768,"remaining_time":1.414918032},
{"learn":[0.02384952178],"iteration":56,"passed_time":1.828143569,"remaining_time":1.37912585},
{"learn":[0.02367892648],"iteration":57,"passed_time":1.856831605,"remaining_time":1.344602197},
{"learn":[0.02273459972],"iteration":58,"passed_time":1.884566094,"remaining_time":1.309613727},
{"learn":[0.0223270595],"iteration":59,"passed_time":1.912543348,"remaining_time":1.275028898},
{"learn":[0.02155903147],"iteration":60,"passed_time":1.939874304,"remaining_time":1.240247506},
{"learn":[0.02137215326],"iteration":61,"passed_time":1.968920937,"remaining_time":1.206757994},
{"learn":[0.02103444836],"iteration":62,"passed_time":1.996779438,"remaining_time":1.172711734},
{"learn":[0.02067195047],"iteration":63,"passed_time":2.024752137,"remaining_time":1.138923077},
{"learn":[0.0204755576],"iteration":64,"passed_time":2.053253332,"remaining_time":1.105597948},
{"learn":[0.01978090606],"iteration":65,"passed_time":2.081004106,"remaining_time":1.072032418},
{"learn":[0.01965238414],"iteration":66,"passed_time":2.108604004,"remaining_time":1.038566151},
{"learn":[0.0195671435],"iteration":67,"passed_time":2.138020429,"remaining_time":1.006127261},
{"learn":[0.01939871728],"iteration":68,"passed_time":2.164918861,"remaining_time":0.9726447056},
{"learn":[0.01920557022],"iteration":69,"passed_time":2.192823036,"remaining_time":0.9397813012},
{"learn":[0.01908278743],"iteration":70,"passed_time":2.221599046,"remaining_time":0.9074136948},
{"learn":[0.01861300927],"iteration":71,"passed_time":2.251028448,"remaining_time":0.875399952},
{"learn":[0.01840155714],"iteration":72,"passed_time":2.279678793,"remaining_time":0.8431688687},
{"learn":[0.01831424684],"iteration":73,"passed_time":2.309323051,"remaining_time":0.8113837746},
{"learn":[0.01764040049],"iteration":74,"passed_time":2.33819654,"remaining_time":0.7793988468},
{"learn":[0.01735985132],"iteration":75,"passed_time":2.367558216,"remaining_time":0.7476499629},
{"learn":[0.01724489643],"iteration":76,"passed_time":2.396733318,"remaining_time":0.7159073548},
{"learn":[0.01692710007],"iteration":77,"passed_time":2.425151758,"remaining_time":0.6840171625},
{"learn":[0.01663727001],"iteration":78,"passed_time":2.454381881,"remaining_time":0.6524306266},
{"learn":[0.01655948416],"iteration":79,"passed_time":2.484162864,"remaining_time":0.6210407159},
{"learn":[0.01636849107],"iteration":80,"passed_time":2.513222455,"remaining_time":0.5895213165},
{"learn":[0.01582336394],"iteration":81,"passed_time":2.54196825,"remaining_time":0.5579930305},
{"learn":[0.01564820804],"iteration":82,"passed_time":2.571253777,"remaining_time":0.5266423398},
{"learn":[0.01558051146],"iteration":83,"passed_time":2.60099261,"remaining_time":0.4954271639},
{"learn":[0.01546658198],"iteration":84,"passed_time":2.630941639,"remaining_time":0.4642838186},
{"learn":[0.0151186129],"iteration":85,"passed_time":2.657952346,"remaining_time":0.4326899168},
{"learn":[0.01485348924],"iteration":86,"passed_time":2.685331023,"remaining_time":0.4012563598},
{"learn":[0.01469979815],"iteration":87,"passed_time":2.712039189,"remaining_time":0.3698235257},
{"learn":[0.01461816342],"iteration":88,"passed_time":2.73936325,"remaining_time":0.3385729859},
{"learn":[0.01432279383],"iteration":89,"passed_time":2.765872694,"remaining_time":0.3073191883},
{"learn":[0.01412892932],"iteration":90,"passed_time":2.794002795,"remaining_time":0.2763299468},
{"learn":[0.01398437462],"iteration":91,"passed_time":2.82162801,"remaining_time":0.2453589574},
{"learn":[0.01352150191],"iteration":92,"passed_time":2.848035092,"remaining_time":0.2143682327},
{"learn":[0.01343259877],"iteration":93,"passed_time":2.874651737,"remaining_time":0.1834884087},
{"learn":[0.01331444811],"iteration":94,"passed_time":2.902451774,"remaining_time":0.1527606197},
{"learn":[0.01317447241],"iteration":95,"passed_time":2.929585623,"remaining_time":0.1220660676},
{"learn":[0.0128053399],"iteration":96,"passed_time":2.956754589,"remaining_time":0.09144601821},
{"learn":[0.0125910835],"iteration":97,"passed_time":2.983779534,"remaining_time":0.06089345989},
{"learn":[0.01252465688],"iteration":98,"passed_time":3.011445898,"remaining_time":0.03041864543},
{"learn":[0.01219597352],"iteration":99,"passed_time":3.039392077,"remaining_time":0}
]}